{
    "mse": 141.03466296096335,
    "rmse": 11.875801571303024,
    "mae": 7.35654419466298,
    "r2": 0.08471978671468172,
    "mape": 45.43047354321559,
    "adj_r2": 0.0705450931461038
}