{
    "mse": 51.843244865528995,
    "rmse": 7.200225334357876,
    "mae": 5.680982224390449,
    "r2": 0.2849906559586761,
    "mape": 8.258078587921675,
    "adj_r2": 0.2563902821970232
}