{
    "mse": 73.07761690156627,
    "rmse": 8.54854472419524,
    "mae": 6.805688919429589,
    "r2": -0.007868605840957166,
    "mape": 9.972469760021987,
    "adj_r2": -0.013063804840137472
}