{
    "mse": 56.8506886433958,
    "rmse": 7.539939564969722,
    "mae": 5.980608013579001,
    "r2": 0.2721515468327257,
    "mape": 8.680910511096323,
    "adj_r2": 0.23690464837426206
}