{
  "mse": 56.85068864339652,
  "r2": 0.2721515468327165
}