{
    "mse": 51.31920487534447,
    "rmse": 7.163742379185929,
    "mae": 5.683166721797778,
    "r2": 0.2922180872393596,
    "mape": 8.262385247517605,
    "adj_r2": 0.2848835596459851
}