{
    "mse": 51.843244865528966,
    "rmse": 7.200225334357874,
    "mae": 5.680982224390444,
    "r2": 0.28499065595867645,
    "mape": 8.258078587921668,
    "adj_r2": 0.25639028219702353
}